operation,count,time_seconds,ram_gib,avg_latency_ms,p95_latency_ms
add_documents,1000,0.0027781999961007386,15.18813705444336,,
query,10,,15.17550277709961,1.0155199997825548,1.2591600068844853
