operation,count,time_seconds,ram_gib,avg_latency_ms,p95_latency_ms
add_documents,1000,0.0027086999907623976,14.669170379638672,,
query,10,,14.669292449951172,0.9864699983154422,1.232465003704419
